<?xml version="1.0" encoding="UTF-8"?>
<project xmlns="http://maven.apache.org/POM/4.0.0" xmlns:xsi="http://www.w3.org/2001/XMLSchema-instance" xsi:schemaLocation="http://maven.apache.org/POM/4.0.0 http://maven.apache.org/maven-v4_0_0.xsd">
  <modelVersion>4.0.0</modelVersion>
  <groupId>pl.jasmc</groupId>
  <artifactId>JasChristmasEvent</artifactId>
  <name>JasPresents</name>
  <version>1.0-SNAPSHOT</version>
  <description>Event na lobby dla Graczy, znajdowanie ukrytych prezentów</description>
  <build>
    <defaultGoal>clean package</defaultGoal>
    <resources>
      <resource>
        <filtering>true</filtering>
        <directory>src/main/resources</directory>
      </resource>
    </resources>
    <plugins>
      <plugin>
        <artifactId>maven-compiler-plugin</artifactId>
        <version>3.7.0</version>
        <configuration>
          <source>1.8</source>
          <target>1.8</target>
        </configuration>
      </plugin>
      <plugin>
        <artifactId>maven-shade-plugin</artifactId>
        <version>3.1.0</version>
        <executions>
          <execution>
            <phase>package</phase>
            <goals>
              <goal>shade</goal>
            </goals>
            <configuration>
              <minimizeJar>true</minimizeJar>
            </configuration>
          </execution>
        </executions>
      </plugin>
    </plugins>
  </build>
  <repositories>
    <repository>
      <id>spigotmc-repo</id>
      <url>https://hub.spigotmc.org/nexus/content/groups/public/</url>
    </repository>
    <repository>
      <id>sonatype</id>
      <url>https://oss.sonatype.org/content/groups/public/</url>
    </repository>
    <repository>
      <id>hikaricp</id>
      <url>https://mvnrepository.com/artifact/com.zaxxer/HikariCP/1.1.3/</url>
    </repository>
    <repository>
      <id>dmulloy2-repo</id>
      <url>http://repo.dmulloy2.net/nexus/repository/public/</url>
    </repository>
  </repositories>
  <dependencies>
    <dependency>
      <groupId>org.spigotmc</groupId>
      <artifactId>spigot-api</artifactId>
      <version>1.12.2-R0.1-SNAPSHOT</version>
      <scope>provided</scope>
      <exclusions>
        <exclusion>
          <artifactId>commons-lang</artifactId>
          <groupId>commons-lang</groupId>
        </exclusion>
        <exclusion>
          <artifactId>json-simple</artifactId>
          <groupId>com.googlecode.json-simple</groupId>
        </exclusion>
        <exclusion>
          <artifactId>guava</artifactId>
          <groupId>com.google.guava</groupId>
        </exclusion>
        <exclusion>
          <artifactId>gson</artifactId>
          <groupId>com.google.code.gson</groupId>
        </exclusion>
        <exclusion>
          <artifactId>snakeyaml</artifactId>
          <groupId>org.yaml</groupId>
        </exclusion>
        <exclusion>
          <artifactId>bungeecord-chat</artifactId>
          <groupId>net.md-5</groupId>
        </exclusion>
      </exclusions>
    </dependency>
    <dependency>
      <groupId>org.spigotmc</groupId>
      <artifactId>Spigot</artifactId>
      <version>1.0</version>
      <scope>system</scope>
      <systemPath>${basedir}/lib/spigot-1.12.jar</systemPath>
    </dependency>
  </dependencies>
  <properties>
    <project.build.sourceEncoding>UTF-8</project.build.sourceEncoding>
  </properties>
</project>

